model,overall_l1,num_valid_action_vectors
b,0.20450736582279205,1200013
abc,0.1882304698228836,1200013
